datetime,open,high,low,close,volume
2015-03-16 00:00,10.47,10.60,10.47,5.99,6772500.00
2015-03-17 00:00,10.53,10.64,10.51,6.04,6203300.00
2015-03-18 00:00,10.62,10.79,10.59,6.11,11168400.00
2015-03-19 00:00,10.72,10.77,10.65,6.09,5911900.00
2015-03-20 00:00,10.73,10.84,10.71,6.12,21202000.00
2015-03-23 00:00,10.74,10.93,10.73,6.19,11268100.00
2015-03-24 00:00,10.90,10.90,10.80,6.15,7274000.00
2015-03-25 00:00,10.83,10.92,10.80,6.15,9439800.00
2015-03-26 00:00,10.80,10.88,10.79,6.16,7229900.00
2015-03-27 00:00,10.54,10.61,10.47,6.17,8076700.00
2015-03-30 00:00,10.53,10.57,10.42,6.12,10501000.00
2015-03-31 00:00,10.45,10.49,10.40,6.09,9443600.00
2015-04-01 00:00,10.40,10.48,10.39,6.12,7415800.00
2015-04-02 00:00,10.46,10.50,10.42,6.12,4169600.00
2015-04-06 00:00,10.45,10.55,10.45,6.16,5253500.00
2015-04-07 00:00,10.54,10.55,10.41,6.10,9165500.00
2015-04-08 00:00,10.37,10.45,10.36,6.10,9907300.00
2015-04-09 00:00,10.41,10.44,10.34,6.06,9783700.00
2015-04-10 00:00,10.37,10.45,10.37,6.09,5687700.00
2015-04-13 00:00,10.39,10.42,10.35,6.06,8239100.00
2015-04-14 00:00,10.38,10.41,10.31,6.05,9150000.00
2015-04-15 00:00,10.31,10.36,10.26,6.01,8041000.00
2015-04-16 00:00,10.26,10.33,10.21,6.03,5454400.00
2015-04-17 00:00,10.28,10.34,10.27,6.03,5719500.00
2015-04-20 00:00,10.30,10.32,10.27,6.05,5913700.00
2015-04-21 00:00,10.32,10.35,10.24,6.00,6032700.00
2015-04-22 00:00,10.26,10.28,10.23,6.02,4193500.00
2015-04-23 00:00,10.27,10.28,10.24,6.01,4245000.00
2015-04-24 00:00,10.26,10.27,10.23,6.00,4386100.00
2015-04-27 00:00,10.23,10.26,10.22,5.99,5121900.00
2015-04-28 00:00,10.21,10.24,10.10,5.95,8028700.00
2015-04-29 00:00,10.06,10.15,10.04,5.92,12289500.00
2015-04-30 00:00,10.13,10.14,10.01,5.90,17184700.00
2015-05-01 00:00,10.05,10.16,10.05,5.93,8130900.00
2015-05-04 00:00,10.10,10.17,10.09,5.95,8519000.00
2015-05-05 00:00,10.14,10.14,10.02,5.88,8600100.00
2015-05-06 00:00,10.02,10.03,9.94,5.85,11354800.00
2015-05-07 00:00,9.90,10.08,9.75,5.89,14505600.00
2015-05-08 00:00,10.11,10.16,10.02,5.92,7355100.00
2015-05-11 00:00,10.07,10.07,9.99,5.86,9692200.00
2015-05-12 00:00,10.00,10.15,9.99,5.92,7244400.00
2015-05-13 00:00,10.12,10.15,10.04,5.89,5400500.00
2015-05-14 00:00,10.07,10.14,10.07,5.93,3763000.00
2015-05-15 00:00,10.12,10.20,10.10,5.96,5744500.00
2015-05-18 00:00,10.15,10.21,10.14,5.98,4421000.00
2015-05-19 00:00,10.20,10.25,10.15,5.97,8933100.00
2015-05-20 00:00,10.20,10.26,10.20,5.98,8126500.00
2015-05-21 00:00,10.22,10.27,10.21,5.99,6546800.00
2015-05-22 00:00,10.25,10.26,10.21,6.00,7300700.00
2015-05-26 00:00,10.25,10.26,10.22,5.99,5500300.00
2015-05-27 00:00,10.22,10.30,10.21,6.01,7044400.00
2015-05-28 00:00,10.25,10.38,10.25,6.05,13052000.00
2015-05-29 00:00,10.37,10.44,10.33,6.12,37282700.00
2015-06-01 00:00,10.45,10.46,10.32,6.06,7693800.00
2015-06-02 00:00,10.31,10.32,10.21,6.00,7280100.00
2015-06-03 00:00,10.22,10.22,10.07,5.93,10608900.00
2015-06-04 00:00,10.08,10.13,10.04,5.91,14482100.00
2015-06-05 00:00,9.99,10.09,9.92,5.82,17936900.00
2015-06-08 00:00,9.93,9.97,9.87,5.81,14352000.00
2015-06-09 00:00,9.88,9.94,9.79,5.76,10080600.00
2015-06-10 00:00,9.82,9.88,9.80,5.77,8202800.00
2015-06-11 00:00,9.86,9.99,9.85,5.85,9175300.00
2015-06-12 00:00,9.96,9.98,9.89,5.82,4088000.00
2015-06-15 00:00,9.92,9.95,9.83,5.77,7917600.00
2015-06-16 00:00,9.84,9.87,9.80,5.76,7223100.00
2015-06-17 00:00,9.81,9.97,9.80,5.83,11566400.00
2015-06-18 00:00,9.96,10.01,9.95,5.86,9503900.00
2015-06-19 00:00,10.01,10.04,9.89,5.79,16930000.00
2015-06-22 00:00,9.93,9.98,9.88,5.79,5805500.00
2015-06-23 00:00,9.91,9.94,9.87,5.81,5557400.00
2015-06-24 00:00,9.91,9.94,9.86,5.78,6934400.00
2015-06-25 00:00,9.87,9.87,9.77,5.72,7874300.00
2015-06-26 00:00,9.47,9.47,9.30,5.63,11348300.00
2015-06-29 00:00,9.26,9.33,9.19,5.57,10024100.00
2015-06-30 00:00,9.21,9.31,9.19,5.55,14116700.00
2015-07-01 00:00,9.24,9.34,9.17,5.63,7362600.00
2015-07-02 00:00,9.32,9.38,9.31,5.65,6280300.00
2015-07-06 00:00,9.32,9.41,9.31,5.67,8377700.00
2015-07-07 00:00,9.47,9.68,9.47,5.84,17353100.00
2015-07-08 00:00,9.65,9.70,9.58,5.81,11625600.00
2015-07-09 00:00,9.63,9.66,9.49,5.74,6773800.00
2015-07-10 00:00,9.53,9.57,9.46,5.75,4721900.00
2015-07-13 00:00,9.50,9.56,9.46,5.74,5857800.00
2015-07-14 00:00,9.47,9.54,9.46,5.75,6250700.00
2015-07-15 00:00,9.52,9.78,9.47,5.89,19655600.00
2015-07-16 00:00,9.76,9.82,9.69,5.87,9026000.00
2015-07-17 00:00,9.69,9.79,9.67,5.91,11729600.00
2015-07-20 00:00,9.78,9.87,9.70,5.93,13406500.00
2015-07-21 00:00,9.77,9.84,9.75,5.90,13705500.00
2015-07-22 00:00,9.76,9.80,9.70,5.87,5191600.00
2015-07-23 00:00,9.71,9.73,9.64,5.85,7464500.00
2015-07-24 00:00,9.64,9.75,9.57,5.78,5766000.00
2015-07-27 00:00,9.56,9.69,9.52,5.82,7317200.00
2015-07-28 00:00,9.65,9.87,9.61,5.90,10532900.00
2015-07-29 00:00,9.75,9.84,9.71,5.95,5134800.00
2015-07-30 00:00,9.80,9.99,9.77,6.01,7883300.00
2015-07-31 00:00,9.99,10.08,9.94,6.01,10660500.00
2015-08-03 00:00,9.96,10.05,9.95,6.06,8263200.00
2015-08-04 00:00,10.00,10.05,9.92,6.02,5044800.00
2015-08-05 00:00,9.98,9.99,9.86,5.97,14179700.00
2015-08-06 00:00,10.05,10.13,10.01,6.10,17645600.00
2015-08-07 00:00,10.08,10.11,10.03,6.09,10665400.00
2015-08-10 00:00,10.09,10.11,10.04,6.09,12425400.00
2015-08-11 00:00,10.06,10.20,10.03,6.14,16922000.00
2015-08-12 00:00,10.20,10.28,10.15,6.19,26871500.00
2015-08-13 00:00,10.29,10.32,10.21,6.23,10184500.00
2015-08-14 00:00,10.25,10.41,10.23,6.28,8485300.00
2015-08-17 00:00,10.38,10.40,10.33,6.27,15860400.00
2015-08-18 00:00,10.34,10.43,10.28,6.29,17448100.00
2015-08-19 00:00,10.41,10.47,10.35,6.31,17997800.00
2015-08-20 00:00,10.41,10.53,10.41,6.30,14109300.00
2015-08-21 00:00,10.41,10.50,10.26,6.20,14752400.00
2015-08-24 00:00,9.87,10.27,9.72,6.03,22462300.00
2015-08-25 00:00,10.26,10.29,9.87,5.97,13289400.00
2015-08-26 00:00,9.95,10.04,9.90,6.03,10335300.00
2015-08-27 00:00,10.00,10.25,10.00,6.17,8450900.00
2015-08-28 00:00,10.22,10.25,10.11,6.15,6082400.00
2015-08-31 00:00,10.17,10.19,10.04,6.08,7045000.00
2015-09-01 00:00,9.98,10.08,9.96,6.09,7015400.00
2015-09-02 00:00,10.09,10.21,10.06,6.13,9018100.00
2015-09-03 00:00,10.19,10.24,10.11,6.18,7021800.00
2015-09-04 00:00,10.18,10.20,10.03,6.10,5942200.00
2015-09-08 00:00,10.20,10.21,10.10,6.15,6414000.00
2015-09-09 00:00,10.21,10.25,10.01,6.05,8725200.00
2015-09-10 00:00,10.04,10.05,9.92,6.01,8884900.00
2015-09-11 00:00,9.97,10.09,9.95,6.10,4968900.00
2015-09-14 00:00,10.11,10.15,10.07,6.12,4143900.00
2015-09-15 00:00,10.11,10.21,10.09,6.14,5648800.00
2015-09-16 00:00,10.16,10.25,10.13,6.16,5367500.00
2015-09-17 00:00,10.19,10.52,10.13,6.30,13600200.00
2015-09-18 00:00,10.46,10.52,10.37,6.27,15110400.00
2015-09-21 00:00,10.38,10.57,10.38,6.38,10583600.00
2015-09-22 00:00,10.50,10.55,10.38,6.29,8558000.00
2015-09-23 00:00,10.42,10.54,10.40,6.35,6593800.00
2015-09-24 00:00,10.50,10.59,10.43,6.38,9302400.00
2015-09-25 00:00,10.58,10.59,10.42,6.30,12271500.00
2015-09-28 00:00,10.09,10.10,9.89,6.18,17805500.00
2015-09-29 00:00,9.93,9.99,9.74,6.07,11017100.00
2015-09-30 00:00,9.79,9.89,9.69,6.14,10337800.00
2015-10-01 00:00,9.90,9.97,9.84,6.17,6319600.00
2015-10-02 00:00,9.90,10.02,9.88,6.23,6804900.00
2015-10-05 00:00,10.00,10.19,10.00,6.34,5860400.00
2015-10-06 00:00,10.18,10.21,10.15,6.34,7071600.00
2015-10-07 00:00,10.18,10.25,10.16,6.37,5330100.00
2015-10-08 00:00,10.23,10.28,10.14,6.34,8292600.00
2015-10-09 00:00,10.26,10.28,10.15,6.35,10232100.00
2015-10-12 00:00,10.24,10.35,10.24,6.41,4824600.00
2015-10-13 00:00,10.26,10.35,10.26,6.42,7386400.00
2015-10-14 00:00,10.33,10.35,10.23,6.37,6631700.00
2015-10-15 00:00,10.25,10.29,10.10,6.34,10056400.00
2015-10-16 00:00,10.21,10.22,10.10,6.31,4996600.00
2015-10-19 00:00,10.14,10.17,10.11,6.30,4473300.00
2015-10-20 00:00,10.12,10.25,10.12,6.35,7291800.00
2015-10-21 00:00,10.22,10.28,10.17,6.34,4856300.00
2015-10-22 00:00,10.23,10.28,10.16,6.35,6960400.00
2015-10-23 00:00,10.21,10.24,10.14,6.34,3734900.00
2015-10-26 00:00,10.21,10.24,10.14,6.35,4951200.00
2015-10-27 00:00,10.18,10.20,9.98,6.21,11227100.00
2015-10-28 00:00,9.99,10.11,9.90,6.23,9162200.00
2015-10-29 00:00,10.00,10.04,9.81,6.20,8012700.00
2015-10-30 00:00,9.96,10.05,9.85,6.19,12039600.00
2015-11-02 00:00,9.95,10.04,9.88,6.25,8063700.00
2015-11-03 00:00,10.01,10.04,9.90,6.20,5615100.00
2015-11-04 00:00,9.97,9.99,9.82,6.13,8847700.00
2015-11-05 00:00,9.85,9.85,9.60,5.98,12623600.00
2015-11-06 00:00,9.54,9.56,9.42,5.92,13618000.00
2015-11-09 00:00,9.47,9.55,9.45,5.92,8704300.00
2015-11-10 00:00,9.52,9.64,9.49,5.96,6344100.00
2015-11-11 00:00,9.60,9.63,9.57,5.96,3551700.00
2015-11-12 00:00,9.57,9.63,9.49,5.91,6512000.00
2015-11-13 00:00,9.51,9.63,9.47,5.96,5380500.00
2015-11-16 00:00,9.57,9.64,9.52,5.98,6260000.00
2015-11-17 00:00,9.58,9.60,9.50,5.92,7050000.00
2015-11-18 00:00,9.54,9.62,9.52,5.98,5319500.00
2015-11-19 00:00,9.63,9.67,9.52,5.94,5395300.00
2015-11-20 00:00,9.58,9.62,9.52,5.94,6138500.00
2015-11-23 00:00,9.55,9.60,9.52,5.94,4450300.00
2015-11-24 00:00,9.52,9.64,9.50,5.98,6385700.00
2015-11-25 00:00,9.60,9.63,9.54,5.94,3090800.00
2015-11-27 00:00,9.58,9.70,9.56,6.02,2686600.00
2015-11-30 00:00,9.67,9.67,9.54,5.96,8059900.00
2015-12-01 00:00,9.60,9.68,9.56,5.97,6902600.00
2015-12-02 00:00,9.57,9.59,9.47,5.91,8357600.00
2015-12-03 00:00,9.47,9.54,9.46,5.89,6006100.00
2015-12-04 00:00,9.50,9.57,9.49,5.91,4841500.00
2015-12-07 00:00,9.48,9.51,9.41,5.90,5410200.00
2015-12-08 00:00,9.44,9.47,9.35,5.85,5942200.00
2015-12-09 00:00,9.36,9.45,9.35,5.83,5462400.00
2015-12-10 00:00,9.36,9.43,9.35,5.84,4430900.00
2015-12-11 00:00,9.37,9.42,9.19,5.74,6426400.00
2015-12-14 00:00,9.21,9.24,8.98,5.64,10704700.00
2015-12-15 00:00,9.06,9.19,9.00,5.69,6864300.00
2015-12-16 00:00,9.15,9.41,9.15,5.84,11053200.00
2015-12-17 00:00,9.39,9.47,9.36,5.87,6086700.00
2015-12-18 00:00,9.42,9.52,9.42,5.91,10380600.00
2015-12-21 00:00,9.52,9.58,9.45,5.96,7656600.00
2015-12-22 00:00,9.57,9.81,9.54,6.06,9493800.00
2015-12-23 00:00,9.75,9.80,9.73,6.08,4893500.00
2015-12-24 00:00,9.79,9.79,9.72,6.07,2398900.00
2015-12-28 00:00,9.76,9.77,9.67,6.07,6384900.00
2015-12-29 00:00,9.46,9.47,9.33,6.04,10230000.00
2015-12-30 00:00,9.38,9.42,9.35,6.02,6678000.00
2015-12-31 00:00,9.34,9.48,9.33,6.02,7647700.00
2016-01-04 00:00,9.32,9.55,9.29,6.12,8222400.00
2016-01-05 00:00,9.53,9.66,9.49,6.16,7218000.00
2016-01-06 00:00,9.56,9.69,9.54,6.20,6644700.00
2016-01-07 00:00,9.55,9.61,9.45,6.07,7164100.00
2016-01-08 00:00,9.47,9.52,9.40,6.04,7351300.00
2016-01-11 00:00,9.38,9.45,9.35,6.03,5948500.00
2016-01-12 00:00,9.43,9.43,9.19,5.95,9070800.00
2016-01-13 00:00,9.25,9.27,9.08,5.87,10117500.00
2016-01-14 00:00,9.14,9.18,9.00,5.82,12680300.00
2016-01-15 00:00,8.93,8.98,8.70,5.75,14800400.00
2016-01-19 00:00,8.97,9.02,8.77,5.65,15114400.00
2016-01-20 00:00,8.71,8.75,8.25,5.59,21045100.00
2016-01-21 00:00,8.70,8.87,8.63,5.58,12212600.00
2016-01-22 00:00,8.76,9.04,8.73,5.78,10219200.00
2016-01-25 00:00,9.03,9.09,8.88,5.71,11590900.00
2016-01-26 00:00,8.96,9.25,8.94,5.91,10962400.00
2016-01-27 00:00,9.25,9.30,9.11,5.89,7732800.00
2016-01-28 00:00,9.20,9.37,9.16,5.94,8026800.00
2016-01-29 00:00,9.35,9.51,9.26,6.10,11802400.00
2016-02-01 00:00,9.49,9.61,9.42,6.12,7876900.00
2016-02-02 00:00,9.50,9.67,9.42,6.19,9794000.00
2016-02-03 00:00,9.66,9.75,9.62,6.21,10287000.00
2016-02-04 00:00,9.67,9.85,9.67,6.25,11654000.00
2016-02-05 00:00,9.72,9.80,9.66,6.25,7066700.00
2016-02-08 00:00,9.71,9.85,9.66,6.31,7900700.00
2016-02-09 00:00,9.81,9.82,9.64,6.27,9358100.00
2016-02-10 00:00,9.78,9.83,9.69,6.26,6178400.00
2016-02-11 00:00,9.67,9.71,9.52,6.16,6914300.00
2016-02-12 00:00,9.64,9.79,9.60,6.25,6025600.00
2016-02-16 00:00,9.77,9.84,9.71,6.31,8085000.00
2016-02-17 00:00,9.86,9.98,9.81,6.36,9710100.00
2016-02-18 00:00,9.93,9.96,9.87,6.38,7387000.00
2016-02-19 00:00,9.90,9.94,9.88,6.37,5893700.00
2016-02-22 00:00,9.97,10.02,9.92,6.41,9118000.00
2016-02-23 00:00,10.00,10.16,10.00,6.45,11837700.00
2016-02-24 00:00,10.01,10.09,9.92,6.42,10428400.00
2016-02-25 00:00,10.15,10.20,10.02,6.52,9933900.00
2016-02-26 00:00,10.20,10.28,10.17,6.54,9383600.00
2016-02-29 00:00,10.20,10.26,10.12,6.50,13126000.00
2016-03-01 00:00,10.20,10.21,10.07,6.49,8320600.00
2016-03-02 00:00,10.11,10.20,10.07,6.53,7417400.00
2016-03-03 00:00,10.20,10.30,10.17,6.59,7124500.00
2016-03-04 00:00,10.26,10.36,10.24,6.60,7092400.00
2016-03-07 00:00,10.30,10.36,10.21,6.60,8238500.00
2016-03-08 00:00,10.27,10.30,10.14,6.57,5995400.00
2016-03-09 00:00,10.24,10.30,10.18,6.60,5098000.00
2016-03-10 00:00,10.30,10.30,10.12,6.57,6401000.00
2016-03-11 00:00,10.29,10.35,10.27,6.65,7854800.00
2016-03-14 00:00,10.29,10.32,10.21,6.57,8002800.00
2016-03-15 00:00,10.24,10.29,10.15,6.59,5741400.00
2016-03-16 00:00,10.27,10.36,10.22,6.64,5834100.00
2016-03-17 00:00,10.38,10.47,10.32,6.67,11282200.00
2016-03-18 00:00,10.42,10.46,10.37,6.68,9553100.00
2016-03-21 00:00,10.41,10.48,10.41,6.70,6191900.00
2016-03-22 00:00,10.46,10.48,10.40,6.71,5792900.00
2016-03-23 00:00,10.45,10.46,10.41,6.69,6861700.00
2016-03-24 00:00,10.40,10.46,10.30,6.70,6833800.00
2016-03-28 00:00,10.45,10.47,10.36,6.68,6866500.00
2016-03-29 00:00,10.13,10.16,9.98,6.71,13474800.00
2016-03-30 00:00,10.19,10.28,10.17,6.73,6946900.00
2016-03-31 00:00,10.20,10.31,10.16,6.78,12141500.00
2016-04-01 00:00,10.24,10.35,10.20,6.84,11819000.00
2016-04-04 00:00,10.33,10.34,10.23,6.79,5425800.00
2016-04-05 00:00,10.23,10.33,10.23,6.80,9698500.00
2016-04-06 00:00,10.29,10.34,10.22,6.79,5531900.00
2016-04-07 00:00,10.27,10.38,10.26,6.84,7144800.00
2016-04-08 00:00,10.37,10.42,10.35,6.88,5247300.00
2016-04-11 00:00,10.16,10.45,10.16,6.90,37619600.00
2016-04-12 00:00,10.42,10.43,10.32,6.85,8573700.00
2016-04-13 00:00,10.38,10.41,10.30,6.86,9497600.00
2016-04-14 00:00,10.42,10.42,10.32,6.84,6341500.00
2016-04-15 00:00,10.38,10.42,10.34,6.88,5282000.00
2016-04-18 00:00,10.40,10.44,10.36,6.88,6170400.00
2016-04-19 00:00,10.42,10.46,10.39,6.91,6247200.00
2016-04-20 00:00,10.46,10.49,10.40,6.88,5379800.00
2016-04-21 00:00,10.38,10.41,10.25,6.80,9295200.00
2016-04-22 00:00,10.27,10.32,10.22,6.76,5775300.00
2016-04-25 00:00,10.23,10.38,10.22,6.86,6605000.00
2016-04-26 00:00,10.40,10.44,10.25,6.82,8249500.00
2016-04-27 00:00,10.29,10.36,10.24,6.84,5252800.00
2016-04-28 00:00,10.34,10.38,10.30,6.86,5691600.00
2016-04-29 00:00,10.38,10.46,10.31,6.89,7856200.00
2016-05-02 00:00,10.43,10.47,10.35,6.88,7405900.00
2016-05-03 00:00,10.44,10.44,10.27,6.81,7138300.00
2016-05-04 00:00,10.30,10.45,10.25,6.91,8822100.00
2016-05-05 00:00,10.41,10.62,10.37,7.02,13401300.00
2016-05-06 00:00,10.60,10.85,10.60,7.17,12165600.00
2016-05-09 00:00,10.88,10.95,10.82,7.22,9432800.00
2016-05-10 00:00,10.95,11.00,10.89,7.27,8777100.00
2016-05-11 00:00,10.99,11.09,10.97,7.30,12186900.00
2016-05-12 00:00,11.06,11.11,10.97,7.34,9015100.00
2016-05-13 00:00,11.12,11.13,11.03,7.31,5754700.00
2016-05-16 00:00,11.03,11.12,11.03,7.35,7471800.00
2016-05-17 00:00,11.12,11.12,10.95,7.27,8513300.00
2016-05-18 00:00,11.01,11.02,10.64,7.11,12884700.00
2016-05-19 00:00,10.68,10.84,10.65,7.15,9042700.00
2016-05-20 00:00,10.84,10.93,10.84,7.22,6816200.00
2016-05-23 00:00,10.96,11.00,10.78,7.13,13147600.00
2016-05-24 00:00,10.79,10.85,10.73,7.11,11800700.00
2016-05-25 00:00,10.76,10.76,10.60,7.06,21092700.00
2016-05-26 00:00,10.69,10.78,10.68,7.07,7065100.00
2016-05-27 00:00,10.70,10.73,10.60,7.01,8359100.00
2016-05-31 00:00,10.62,10.65,10.55,6.99,11409300.00
2016-06-01 00:00,10.58,10.74,10.57,7.09,9028400.00
2016-06-02 00:00,10.74,10.80,10.72,7.11,7684200.00
2016-06-03 00:00,10.80,10.88,10.79,7.15,13364000.00
2016-06-06 00:00,10.83,10.83,10.73,7.12,8758300.00
2016-06-07 00:00,10.77,10.80,10.73,7.11,9794700.00
2016-06-08 00:00,10.76,10.81,10.74,7.13,7620400.00
2016-06-09 00:00,10.78,10.81,10.75,7.14,10391900.00
2016-06-10 00:00,10.78,10.82,10.74,7.14,10507900.00
2016-06-13 00:00,10.80,10.81,10.58,7.01,13731400.00
2016-06-14 00:00,10.60,10.67,10.57,7.03,9743100.00
2016-06-15 00:00,10.57,10.72,10.57,7.05,8099400.00
2016-06-16 00:00,10.67,10.79,10.63,7.04,11439500.00
2016-06-17 00:00,10.66,10.75,10.58,6.99,18742900.00
2016-06-20 00:00,10.60,10.69,10.58,7.07,8149700.00
2016-06-21 00:00,10.71,10.75,10.65,7.04,6950200.00
2016-06-22 00:00,10.69,10.72,10.64,7.06,7202300.00
2016-06-23 00:00,10.72,10.80,10.67,7.11,7001600.00
2016-06-24 00:00,10.61,11.03,10.61,7.20,22408600.00
2016-06-27 00:00,10.91,10.97,10.69,7.24,20168800.00
2016-06-28 00:00,10.72,10.94,10.61,7.42,20195200.00
2016-06-29 00:00,10.94,10.99,10.92,7.44,10469300.00
2016-06-30 00:00,10.96,11.07,10.87,7.52,11067500.00
2016-07-01 00:00,11.07,11.09,10.90,7.46,8703200.00
2016-07-05 00:00,10.96,11.00,10.93,7.47,7808300.00
2016-07-06 00:00,10.99,11.04,10.85,7.50,11995900.00
2016-07-07 00:00,11.00,11.02,10.75,7.37,7691400.00
2016-07-08 00:00,10.83,10.85,10.74,7.36,7671500.00
2016-07-11 00:00,10.79,10.91,10.67,7.43,16282100.00
2016-07-12 00:00,10.89,10.90,10.69,7.40,23450200.00
2016-07-13 00:00,10.86,10.87,10.69,7.35,14370400.00
2016-07-14 00:00,10.78,10.81,10.66,7.27,10962500.00
2016-07-15 00:00,10.65,10.69,10.58,7.26,8062800.00
2016-07-18 00:00,10.65,10.66,10.58,7.26,6434300.00
2016-07-19 00:00,10.65,10.76,10.63,7.32,10723600.00
2016-07-20 00:00,10.78,10.80,10.72,7.37,9497000.00
2016-07-21 00:00,10.80,10.81,10.75,7.37,4648500.00
2016-07-22 00:00,10.77,10.92,10.77,7.43,7837700.00
2016-07-25 00:00,10.90,10.92,10.79,7.38,7682300.00
2016-07-26 00:00,10.86,10.98,10.83,7.48,15740700.00
2016-07-27 00:00,10.96,11.00,10.82,7.43,9446700.00
2016-07-28 00:00,10.87,10.99,10.83,7.49,10521300.00
2016-07-29 00:00,10.99,11.06,10.89,7.49,9348000.00
2016-08-01 00:00,10.98,11.12,10.93,7.54,12172200.00
2016-08-02 00:00,11.04,11.07,10.89,7.45,6103400.00
2016-08-03 00:00,10.91,11.01,10.81,7.49,7890500.00
2016-08-04 00:00,10.94,11.08,10.93,7.52,7406600.00
2016-08-05 00:00,11.05,11.13,11.05,7.58,8254800.00
2016-08-08 00:00,11.09,11.14,11.03,7.55,7369200.00
2016-08-09 00:00,11.07,11.22,11.02,7.65,7447800.00
2016-08-10 00:00,11.21,11.29,11.20,7.67,8267100.00
2016-08-11 00:00,11.25,11.25,11.05,7.56,6402000.00
2016-08-12 00:00,11.10,11.17,11.06,7.56,5380500.00
2016-08-15 00:00,11.06,11.09,10.88,7.46,16138500.00
2016-08-16 00:00,10.90,10.93,10.83,7.39,8125400.00
2016-08-17 00:00,10.84,10.87,10.73,7.40,9327100.00
2016-08-18 00:00,10.85,10.92,10.80,7.39,8479600.00
2016-08-19 00:00,10.83,10.94,10.82,7.46,6353100.00
2016-08-22 00:00,10.93,10.97,10.87,7.45,6178100.00
2016-08-23 00:00,10.94,10.96,10.85,7.45,4889800.00
2016-08-24 00:00,10.96,10.97,10.83,7.43,5114100.00
2016-08-25 00:00,10.90,10.97,10.88,7.47,4561100.00
2016-08-26 00:00,10.96,10.97,10.76,7.35,7306400.00
2016-08-29 00:00,10.80,10.85,10.77,7.37,6072200.00
2016-08-30 00:00,10.80,10.84,10.77,7.34,5050700.00
2016-08-31 00:00,10.76,10.78,10.60,7.30,11924300.00
2016-09-01 00:00,10.71,10.74,10.63,7.30,6760300.00
2016-09-02 00:00,10.72,10.89,10.72,7.43,4793000.00
2016-09-06 00:00,10.90,10.94,10.84,7.45,6500800.00
2016-09-07 00:00,10.90,11.05,10.90,7.49,7478900.00
2016-09-08 00:00,10.99,11.00,10.85,7.40,5953700.00
2016-09-09 00:00,10.82,10.84,10.46,7.13,13954800.00
2016-09-12 00:00,10.41,10.71,10.33,7.26,14869700.00
2016-09-13 00:00,10.61,10.67,10.49,7.17,8326500.00
2016-09-14 00:00,10.52,10.62,10.50,7.17,6641800.00
2016-09-15 00:00,10.51,10.59,10.45,7.18,8074700.00
2016-09-16 00:00,10.50,10.53,10.40,7.14,10617800.00
2016-09-19 00:00,10.47,10.65,10.47,7.18,11017800.00
2016-09-20 00:00,10.56,10.63,10.54,7.21,7215400.00
2016-09-21 00:00,10.60,10.74,10.50,7.30,7609000.00
2016-09-22 00:00,10.75,10.84,10.74,7.39,7084800.00
2016-09-23 00:00,10.81,10.82,10.74,7.36,6372400.00
2016-09-26 00:00,10.79,10.94,10.79,7.45,9583500.00
2016-09-27 00:00,10.91,10.96,10.88,7.43,9544500.00
2016-09-28 00:00,10.62,10.65,10.44,7.33,9952600.00
2016-09-29 00:00,10.51,10.53,10.37,7.30,7858900.00
2016-09-30 00:00,10.44,10.52,10.36,7.34,8107500.00
2016-10-03 00:00,10.47,10.47,10.37,7.25,6224400.00
2016-10-04 00:00,10.36,10.37,10.01,7.02,15029300.00
2016-10-05 00:00,10.07,10.14,9.98,6.98,10834000.00
2016-10-06 00:00,10.01,10.03,9.88,6.92,9985000.00
2016-10-07 00:00,9.94,10.08,9.91,7.00,10767400.00
2016-10-10 00:00,10.05,10.15,10.03,7.03,3730600.00
2016-10-11 00:00,10.05,10.07,10.00,7.00,4519300.00
2016-10-12 00:00,10.03,10.16,10.00,7.06,4550200.00
2016-10-13 00:00,10.07,10.26,10.06,7.17,4207500.00
2016-10-14 00:00,10.27,10.27,10.15,7.09,4416900.00
2016-10-17 00:00,10.15,10.19,10.07,7.06,6028600.00
2016-10-18 00:00,10.15,10.16,10.07,7.06,4018000.00
2016-10-19 00:00,10.13,10.15,10.08,7.07,4049600.00
2016-10-20 00:00,10.11,10.17,10.08,7.08,3814600.00
2016-10-21 00:00,10.12,10.13,10.08,7.04,4449200.00
2016-10-24 00:00,10.11,10.18,10.08,7.11,6002600.00
2016-10-25 00:00,10.19,10.38,10.18,7.25,7219600.00
2016-10-26 00:00,10.35,10.43,10.35,7.28,5327300.00
2016-10-27 00:00,10.39,10.42,10.17,7.12,7578100.00
2016-10-28 00:00,10.16,10.25,10.10,7.14,5684800.00
2016-10-31 00:00,10.28,10.38,10.25,7.24,9155600.00
2016-11-01 00:00,10.36,10.39,10.20,7.15,7287400.00
2016-11-02 00:00,10.24,10.25,10.14,7.11,6926200.00
2016-11-03 00:00,10.21,10.39,10.16,7.14,7926000.00
2016-11-04 00:00,10.22,10.34,10.19,7.20,5948400.00
2016-11-07 00:00,10.35,10.43,10.23,7.17,5305000.00
2016-11-08 00:00,10.30,10.40,10.29,7.22,6068200.00
2016-11-09 00:00,10.15,10.32,10.13,7.13,12242000.00
2016-11-10 00:00,10.24,10.24,9.95,6.99,14534900.00
2016-11-11 00:00,10.00,10.14,10.00,7.05,6132300.00
2016-11-14 00:00,10.10,10.10,9.95,7.00,7804800.00
2016-11-15 00:00,10.01,10.11,10.00,7.06,7041500.00
2016-11-16 00:00,10.11,10.16,10.05,7.03,5294200.00
2016-11-17 00:00,10.06,10.15,10.03,7.02,4614800.00
2016-11-18 00:00,10.03,10.08,9.98,6.99,6079700.00
2016-11-21 00:00,10.03,10.16,10.02,7.08,5771800.00
2016-11-22 00:00,10.17,10.20,10.15,7.10,6549000.00
2016-11-23 00:00,10.11,10.20,10.07,7.04,5328800.00
2016-11-25 00:00,10.08,10.15,10.06,7.06,2344300.00
2016-11-28 00:00,10.11,10.28,10.11,7.14,5355700.00
2016-11-29 00:00,10.23,10.37,10.20,7.25,4561500.00
2016-11-30 00:00,10.28,10.30,10.16,7.14,10270900.00
2016-12-01 00:00,10.20,10.21,9.99,6.99,8371500.00
2016-12-02 00:00,10.01,10.08,9.91,6.95,8592900.00
2016-12-05 00:00,9.98,10.13,9.95,7.08,5582600.00
2016-12-06 00:00,10.15,10.29,10.14,7.18,7457400.00
2016-12-07 00:00,10.31,10.50,10.27,7.29,11180800.00
2016-12-08 00:00,10.41,10.45,10.31,7.27,6292100.00
2016-12-09 00:00,10.37,10.49,10.35,7.32,4947100.00
2016-12-12 00:00,10.47,10.50,10.36,7.26,4968800.00
2016-12-13 00:00,10.38,10.38,10.20,7.15,7712500.00
2016-12-14 00:00,10.22,10.39,10.10,7.06,12214200.00
2016-12-15 00:00,10.00,10.02,9.83,6.91,22232400.00
2016-12-16 00:00,9.96,10.21,9.96,7.13,16072500.00
2016-12-19 00:00,10.22,10.40,10.20,7.27,7401500.00
2016-12-20 00:00,10.34,10.38,10.24,7.17,8187600.00
2016-12-21 00:00,10.25,10.35,10.22,7.16,7468200.00
2016-12-22 00:00,10.28,10.33,10.21,7.21,5617000.00
2016-12-23 00:00,10.34,10.35,10.25,7.20,4127100.00
2016-12-27 00:00,10.33,10.33,10.14,7.14,8764200.00
2016-12-28 00:00,9.95,10.01,9.85,7.17,8120000.00
2016-12-29 00:00,9.94,10.08,9.94,7.23,5308500.00
2016-12-30 00:00,10.05,10.06,9.96,7.18,6141000.00
2017-01-03 00:00,10.02,10.08,9.95,7.26,7868200.00
2017-01-04 00:00,10.09,10.17,10.08,7.28,7589900.00
2017-01-05 00:00,10.12,10.25,10.09,7.36,8130500.00
2017-01-06 00:00,10.20,10.27,10.18,7.39,5738000.00
2017-01-09 00:00,10.26,10.29,10.22,7.36,7020500.00
2017-01-10 00:00,10.25,10.26,10.04,7.32,8677800.00
2017-01-11 00:00,10.17,10.24,10.11,7.33,7077800.00
2017-01-12 00:00,10.18,10.23,10.15,7.33,4530200.00
2017-01-13 00:00,10.19,10.22,10.08,7.31,4729700.00
2017-01-17 00:00,10.15,10.29,10.14,7.37,6027300.00
2017-01-18 00:00,10.25,10.30,10.22,7.39,4667500.00
2017-01-19 00:00,10.24,10.27,10.08,7.29,7527900.00
2017-01-20 00:00,10.13,10.18,10.09,7.32,5785100.00
2017-01-23 00:00,10.16,10.30,10.16,7.38,6022300.00
2017-01-24 00:00,10.24,10.31,10.18,7.39,8412300.00
2017-01-25 00:00,10.26,10.29,10.20,7.38,4083400.00
2017-01-26 00:00,10.25,10.28,10.22,7.37,5980100.00
2017-01-27 00:00,10.25,10.27,10.21,7.37,3835700.00
2017-01-30 00:00,10.25,10.26,10.18,7.38,4968600.00
2017-01-31 00:00,10.31,10.33,10.11,7.36,7670000.00
2017-02-01 00:00,10.21,10.29,10.18,7.37,8231600.00
2017-02-02 00:00,10.24,10.32,10.23,7.41,5185800.00
2017-02-03 00:00,10.33,10.35,10.29,7.42,4884800.00
2017-02-06 00:00,10.31,10.40,10.31,7.49,6187400.00
2017-02-07 00:00,10.41,10.43,10.39,7.51,4874400.00
2017-02-08 00:00,10.41,10.50,10.40,7.56,5104100.00
2017-02-09 00:00,10.50,10.53,10.46,7.53,5364600.00
2017-02-10 00:00,10.50,10.56,10.46,7.57,3654300.00
2017-02-13 00:00,10.55,10.61,10.53,7.62,3692100.00
2017-02-14 00:00,10.57,10.58,10.41,7.53,6463800.00
2017-02-15 00:00,10.46,10.50,10.39,7.56,7551400.00
2017-02-16 00:00,10.56,10.80,10.54,7.78,9083100.00
2017-02-17 00:00,10.75,10.85,10.66,7.79,7601700.00
2017-02-21 00:00,10.85,10.88,10.74,7.80,5328100.00
2017-02-22 00:00,10.82,10.91,10.80,7.85,6391800.00
2017-02-23 00:00,10.89,10.98,10.85,7.91,9201100.00
2017-02-24 00:00,10.98,11.07,10.96,7.96,7062300.00
2017-02-27 00:00,11.08,11.10,11.01,7.94,5414700.00
2017-02-28 00:00,11.02,11.11,11.01,7.99,10986400.00
2017-03-01 00:00,11.01,11.06,10.89,7.86,8738100.00
2017-03-02 00:00,10.89,10.96,10.89,7.87,4731800.00
2017-03-03 00:00,10.93,10.97,10.87,7.89,4525600.00
2017-03-06 00:00,10.96,11.00,10.92,7.92,6407000.00
2017-03-07 00:00,10.97,11.00,10.95,7.91,5389600.00
2017-03-08 00:00,10.98,10.98,10.78,7.77,7899600.00
2017-03-09 00:00,10.80,10.92,10.63,7.73,8709500.00
2017-03-10 00:00,10.73,10.99,10.73,7.90,8419700.00
2017-03-13 00:00,10.96,11.04,10.79,7.78,6056400.00
2017-03-14 00:00,10.83,10.84,10.77,7.78,5011900.00
2017-03-15 00:00,10.84,11.03,10.84,7.88,11002200.00
2017-03-16 00:00,11.02,11.02,10.91,7.88,8856300.00
2017-03-17 00:00,10.98,11.07,10.95,7.92,14461000.00
2017-03-20 00:00,11.02,11.15,11.01,7.98,7745900.00
2017-03-21 00:00,11.11,11.15,11.03,7.99,9892500.00
2017-03-22 00:00,11.10,11.19,11.10,8.03,7706300.00
2017-03-23 00:00,11.16,11.23,11.16,8.06,7875000.00
2017-03-24 00:00,11.21,11.26,11.14,8.02,6682200.00
2017-03-27 00:00,11.14,11.23,11.11,8.09,8042600.00
2017-03-28 00:00,11.25,11.37,11.24,8.14,12218100.00
2017-03-29 00:00,11.04,11.15,11.02,8.23,10133000.00
2017-03-30 00:00,11.12,11.15,11.07,8.22,4545100.00
2017-03-31 00:00,11.11,11.18,11.08,8.22,6257800.00
2017-04-03 00:00,11.11,11.18,11.09,8.23,7669500.00
2017-04-04 00:00,11.10,11.24,11.10,8.30,6362400.00
2017-04-05 00:00,11.25,11.32,11.20,8.37,11393900.00
2017-04-06 00:00,11.29,11.34,11.25,8.37,8313600.00
2017-04-07 00:00,11.33,11.33,11.25,8.37,6871200.00
2017-04-10 00:00,11.30,11.40,11.28,8.42,6183800.00
2017-04-11 00:00,11.38,11.49,11.36,8.50,8027900.00
2017-04-12 00:00,11.47,11.56,11.47,8.53,7193400.00
2017-04-13 00:00,11.54,11.67,11.54,8.60,8898500.00
2017-04-17 00:00,11.63,11.75,11.63,8.68,8559300.00
2017-04-18 00:00,11.74,11.79,11.70,8.70,6467600.00
2017-04-19 00:00,11.77,11.79,11.67,8.67,5398600.00
2017-04-20 00:00,11.74,11.78,11.59,8.65,7142800.00
2017-04-21 00:00,11.72,11.80,11.68,8.70,6343500.00
2017-04-24 00:00,11.78,11.80,11.64,8.70,8696500.00
2017-04-25 00:00,11.76,11.80,11.71,8.69,7103500.00
2017-04-26 00:00,11.76,11.80,11.72,8.69,8275600.00
2017-04-27 00:00,11.78,12.07,11.75,8.87,12848200.00
2017-04-28 00:00,11.99,11.99,11.73,8.74,13210400.00
2017-05-01 00:00,11.84,11.94,11.80,8.78,8528200.00
2017-05-02 00:00,11.83,11.85,11.60,8.65,11918500.00
2017-05-03 00:00,11.68,11.72,11.50,8.53,15289400.00
2017-05-04 00:00,11.57,11.58,11.29,8.48,13280500.00
2017-05-05 00:00,11.45,11.62,11.44,8.54,9227800.00
2017-05-08 00:00,11.58,11.61,11.43,8.46,7498600.00
2017-05-09 00:00,11.42,11.48,11.19,8.31,12758800.00
2017-05-10 00:00,11.23,11.34,11.22,8.36,6878200.00
2017-05-11 00:00,11.28,11.33,11.25,8.36,5727600.00
2017-05-12 00:00,11.35,11.39,11.29,8.36,4459900.00
2017-05-15 00:00,11.30,11.39,11.28,8.42,5890100.00
2017-05-16 00:00,11.36,11.45,11.35,8.40,5314100.00
2017-05-17 00:00,11.34,11.51,11.34,8.50,7938900.00
2017-05-18 00:00,11.47,11.51,11.40,8.46,6723900.00
2017-05-19 00:00,11.45,11.54,11.42,8.51,5593100.00
2017-05-22 00:00,11.53,11.65,11.50,8.59,4691600.00
2017-05-23 00:00,11.65,11.72,11.62,8.64,6092500.00
2017-05-24 00:00,11.71,11.80,11.68,8.71,6008300.00
2017-05-25 00:00,11.76,11.86,11.73,8.72,4885300.00
2017-05-26 00:00,11.80,11.83,11.70,8.74,4370400.00
2017-05-30 00:00,11.81,11.82,11.73,8.73,3659200.00
2017-05-31 00:00,11.81,11.98,11.79,8.86,13045300.00
2017-06-01 00:00,11.95,12.10,11.91,8.90,8785000.00
2017-06-02 00:00,12.03,12.10,12.01,8.90,7913200.00
2017-06-05 00:00,12.02,12.03,11.88,8.83,6121700.00
2017-06-06 00:00,11.99,12.02,11.87,8.88,5098700.00
2017-06-07 00:00,12.01,12.07,11.93,8.91,5732800.00
2017-06-08 00:00,12.05,12.15,11.99,8.97,5862400.00
2017-06-09 00:00,12.10,12.18,12.08,8.97,8437400.00
2017-06-12 00:00,12.13,12.22,12.12,8.99,5216300.00
2017-06-13 00:00,12.17,12.21,12.06,8.99,6638500.00
2017-06-14 00:00,12.17,12.33,12.17,9.09,8475400.00
2017-06-15 00:00,12.24,12.39,12.20,9.13,5253600.00
2017-06-16 00:00,12.37,12.45,12.35,9.14,14608000.00
2017-06-19 00:00,12.39,12.52,12.37,9.22,7673400.00
2017-06-20 00:00,12.48,12.51,12.32,9.16,5452600.00
2017-06-21 00:00,12.38,12.48,12.34,9.16,6144500.00
2017-06-22 00:00,12.41,12.52,12.38,9.21,4993800.00
2017-06-23 00:00,12.50,12.63,12.48,9.32,8689900.00
2017-06-26 00:00,12.61,12.73,12.56,9.36,7728900.00
2017-06-27 00:00,12.69,12.69,12.36,9.15,10056100.00
2017-06-28 00:00,12.08,12.18,11.92,9.18,8680600.00
2017-06-29 00:00,12.06,12.10,11.88,9.10,7982600.00
2017-06-30 00:00,12.00,12.07,12.00,9.13,6212500.00
2017-07-03 00:00,12.05,12.26,12.04,9.27,5218000.00
2017-07-05 00:00,12.22,12.44,12.22,9.31,7260300.00
2017-07-06 00:00,12.24,12.28,12.16,9.26,7908100.00
2017-07-07 00:00,12.19,12.19,12.05,9.15,4643700.00
2017-07-10 00:00,12.07,12.25,12.06,9.26,6880400.00
2017-07-11 00:00,12.25,12.27,12.17,9.29,5832400.00
2017-07-12 00:00,12.28,12.39,12.28,9.35,7032400.00
2017-07-13 00:00,12.35,12.36,12.16,9.23,5340400.00
2017-07-14 00:00,12.19,12.36,12.17,9.35,4114500.00
2017-07-17 00:00,12.33,12.37,12.22,9.29,6817500.00
2017-07-18 00:00,11.72,11.81,11.70,8.92,69221300.00
2017-07-19 00:00,11.77,11.81,11.72,8.91,20408100.00
2017-07-20 00:00,11.78,11.79,11.72,8.91,23488300.00
2017-07-21 00:00,11.76,11.89,11.73,9.00,18422300.00
2017-07-24 00:00,11.91,11.98,11.88,9.03,14167000.00
2017-07-25 00:00,11.96,11.98,11.72,8.94,12968000.00
2017-07-26 00:00,11.83,11.92,11.80,8.97,9738600.00
2017-07-27 00:00,11.82,11.94,11.76,9.02,11689800.00
2017-07-28 00:00,11.94,11.94,11.83,9.04,10316300.00
2017-07-31 00:00,11.97,12.04,11.92,9.12,8773600.00
2017-08-01 00:00,12.07,12.11,11.92,9.16,8255700.00
2017-08-02 00:00,12.10,12.17,12.04,9.23,9494100.00
2017-08-03 00:00,12.20,12.25,12.02,9.21,9387900.00
2017-08-04 00:00,12.14,12.15,11.98,9.10,6385400.00
2017-08-07 00:00,12.01,12.12,11.96,9.17,8189800.00
2017-08-08 00:00,12.08,12.21,12.08,9.23,8007800.00
2017-08-09 00:00,12.19,12.36,12.19,9.36,11383900.00
2017-08-10 00:00,12.37,12.45,12.20,9.30,11130300.00
2017-08-11 00:00,12.21,12.26,12.10,9.29,7131900.00
2017-08-14 00:00,12.31,12.38,12.23,9.34,6382800.00
2017-08-15 00:00,12.32,12.32,12.21,9.33,5503900.00
2017-08-16 00:00,12.28,12.40,12.25,9.36,10350300.00
2017-08-17 00:00,12.37,12.37,12.25,9.34,7746700.00
2017-08-18 00:00,12.35,12.41,12.29,9.35,10247900.00
2017-08-21 00:00,12.37,12.39,12.27,9.37,8627300.00
2017-08-22 00:00,12.38,12.49,12.34,9.44,8238500.00
2017-08-23 00:00,12.41,12.45,12.38,9.39,5280600.00
2017-08-24 00:00,12.43,12.49,12.36,9.46,5821600.00
2017-08-25 00:00,12.47,12.48,12.35,9.38,4025300.00
2017-08-28 00:00,12.38,12.43,12.36,9.42,5396200.00
2017-08-29 00:00,12.39,12.46,12.30,9.36,9549000.00
2017-08-30 00:00,12.35,12.37,12.27,9.35,5782400.00
2017-08-31 00:00,12.35,12.50,12.35,9.48,9714100.00
2017-09-01 00:00,12.47,12.52,12.44,9.45,6565300.00
2017-09-05 00:00,12.47,12.55,12.33,9.35,7899600.00
2017-09-06 00:00,12.40,12.40,12.31,9.38,6757800.00
2017-09-07 00:00,12.37,12.42,12.27,9.35,5503500.00
2017-09-08 00:00,12.34,12.39,12.28,9.36,4889300.00
2017-09-11 00:00,12.40,12.42,12.33,9.41,4837200.00
2017-09-12 00:00,12.43,12.45,12.35,9.43,5491300.00
2017-09-13 00:00,12.36,12.37,12.17,9.24,11526000.00
2017-09-14 00:00,12.22,12.24,12.19,9.28,5701100.00
2017-09-15 00:00,12.28,12.38,12.25,9.36,9573100.00
2017-09-18 00:00,12.35,12.42,12.33,9.38,6310700.00
2017-09-19 00:00,12.38,12.49,12.38,9.41,6557600.00
2017-09-20 00:00,12.44,12.46,12.28,9.37,7079500.00
2017-09-21 00:00,12.38,12.43,12.31,9.36,5012600.00
2017-09-22 00:00,12.38,12.47,12.35,9.43,6302100.00
2017-09-25 00:00,12.47,12.48,12.38,9.45,6182300.00
2017-09-26 00:00,12.48,12.58,12.47,9.51,8295100.00
2017-09-27 00:00,12.54,12.57,12.38,9.46,10612900.00
2017-09-28 00:00,12.19,12.25,12.02,9.51,8359500.00
2017-09-29 00:00,12.21,12.25,12.13,9.47,8048700.00
2017-10-02 00:00,12.21,12.31,12.17,9.54,6242300.00
2017-10-03 00:00,12.26,12.34,12.25,9.56,4403000.00
2017-10-04 00:00,12.31,12.34,12.23,9.58,4781900.00
2017-10-05 00:00,12.34,12.43,12.33,9.62,7314100.00
2017-10-06 00:00,12.06,12.14,12.04,9.41,48909200.00
2017-10-09 00:00,12.15,12.19,12.13,9.42,15211100.00
2017-10-10 00:00,12.15,12.16,12.04,9.37,23242900.00
2017-10-11 00:00,12.08,12.15,12.06,9.37,13410600.00
2017-10-12 00:00,12.07,12.17,12.07,9.45,13155800.00
2017-10-13 00:00,12.19,12.24,12.16,9.49,6587100.00
2017-10-16 00:00,12.24,12.33,12.23,9.52,8468600.00
2017-10-17 00:00,12.30,12.35,12.27,9.57,7031900.00
2017-10-18 00:00,12.33,12.39,12.29,9.56,9410800.00
2017-10-19 00:00,12.30,12.38,12.26,9.61,7249800.00
2017-10-20 00:00,12.39,12.40,12.19,9.55,14261900.00
2017-10-23 00:00,12.26,12.28,12.05,9.39,10912000.00
2017-10-24 00:00,12.11,12.16,12.02,9.35,8194800.00
2017-10-25 00:00,12.04,12.05,11.72,9.20,13494600.00
2017-10-26 00:00,11.85,11.90,11.47,8.93,20245700.00
2017-10-27 00:00,11.50,11.66,11.34,9.02,13489500.00
2017-10-30 00:00,11.59,11.69,11.47,8.98,9902000.00
2017-10-31 00:00,11.57,11.65,11.45,8.90,8833700.00
2017-11-01 00:00,11.50,11.60,11.47,8.95,9242100.00
2017-11-02 00:00,11.54,11.59,11.25,8.77,12421500.00
2017-11-03 00:00,11.27,11.32,11.21,8.72,8432600.00
2017-11-06 00:00,11.20,11.21,11.01,8.57,13707600.00
2017-11-07 00:00,11.08,11.28,10.97,8.73,14201200.00
2017-11-08 00:00,11.26,11.38,11.25,8.79,7926400.00
2017-11-09 00:00,11.31,11.40,11.22,8.73,8082700.00
2017-11-10 00:00,11.25,11.34,11.19,8.73,9526900.00
2017-11-13 00:00,11.21,11.42,11.20,8.84,9061100.00
2017-11-14 00:00,11.40,11.51,11.37,8.92,8591500.00
2017-11-15 00:00,11.48,11.52,11.36,8.84,8304200.00
2017-11-16 00:00,11.40,11.48,11.36,8.91,8072600.00
2017-11-17 00:00,11.47,11.52,11.41,8.92,11054900.00
2017-11-20 00:00,11.50,11.75,11.49,9.11,9613900.00
2017-11-21 00:00,11.76,11.85,11.70,9.18,8236900.00
2017-11-22 00:00,11.80,11.90,11.77,9.23,5890200.00
2017-11-24 00:00,11.90,11.92,11.76,9.16,3562300.00
2017-11-27 00:00,11.79,11.83,11.71,9.13,5452500.00
2017-11-28 00:00,11.74,11.82,11.70,9.17,5097100.00
2017-11-29 00:00,11.80,11.85,11.71,9.14,5719600.00
2017-11-30 00:00,11.76,11.82,11.56,9.06,13317000.00
2017-12-01 00:00,11.71,11.80,11.60,9.17,9941600.00
2017-12-04 00:00,11.85,12.00,11.80,9.31,12074000.00
2017-12-05 00:00,11.98,12.01,11.89,9.30,8242700.00
2017-12-06 00:00,11.96,11.99,11.87,9.28,7629100.00
2017-12-07 00:00,11.93,12.00,11.89,9.31,8181000.00
2017-12-08 00:00,11.88,12.01,11.84,9.25,7280300.00
2017-12-11 00:00,11.97,11.99,11.92,9.31,6570900.00
2017-12-12 00:00,11.97,12.06,11.95,9.37,5662400.00
2017-12-13 00:00,12.03,12.21,12.01,9.41,9736500.00
2017-12-14 00:00,12.13,12.20,12.11,9.44,5849200.00
2017-12-15 00:00,12.20,12.25,12.16,9.51,14837600.00
2017-12-18 00:00,12.26,12.37,12.16,9.46,7078900.00
2017-12-19 00:00,12.19,12.22,11.85,9.20,12547600.00
2017-12-20 00:00,11.91,12.00,11.85,9.27,7824300.00
2017-12-21 00:00,11.97,12.10,11.93,9.36,6946200.00
2017-12-22 00:00,12.07,12.07,12.00,9.36,4462500.00
2017-12-26 00:00,12.06,12.11,12.03,9.38,3769500.00
2017-12-27 00:00,12.09,12.13,12.03,9.40,6169800.00
2017-12-28 00:00,11.81,12.02,11.77,9.57,8490300.00
2017-12-29 00:00,11.99,12.00,11.85,9.47,5920100.00
2018-01-02 00:00,11.89,11.92,11.58,9.29,13855300.00
2018-01-03 00:00,11.69,11.77,11.43,9.14,10379800.00
2018-01-04 00:00,11.47,11.54,11.43,9.13,8253300.00
2018-01-05 00:00,11.49,11.59,11.44,9.22,6441200.00
2018-01-08 00:00,11.57,11.66,11.54,9.25,6758400.00
2018-01-09 00:00,11.61,11.64,11.50,9.17,5613100.00
2018-01-10 00:00,11.50,11.51,11.24,9.06,12885000.00
2018-01-11 00:00,11.39,11.44,11.27,9.11,7330200.00
2018-01-12 00:00,11.44,11.45,11.26,9.00,7651300.00
2018-01-16 00:00,11.31,11.38,11.16,8.90,10508600.00
2018-01-17 00:00,11.18,11.26,11.17,8.93,7289800.00
2018-01-18 00:00,11.19,11.21,11.06,8.82,8197500.00
2018-01-19 00:00,11.07,11.20,11.02,8.91,7404500.00
2018-01-22 00:00,11.23,11.24,11.15,8.90,7443600.00
2018-01-23 00:00,11.17,11.27,11.16,8.94,5735400.00
2018-01-24 00:00,11.24,11.25,11.11,8.85,6211800.00
2018-01-25 00:00,11.10,11.12,10.95,8.78,15844300.00
2018-01-26 00:00,11.04,11.05,10.85,8.69,11572000.00
2018-01-29 00:00,10.88,10.88,10.47,8.36,21723800.00
2018-01-30 00:00,10.44,10.63,10.38,8.44,12086000.00
2018-01-31 00:00,10.67,10.70,10.41,8.39,15577400.00
2018-02-01 00:00,10.51,10.75,10.48,8.36,13061400.00
2018-02-02 00:00,10.48,10.52,10.34,8.25,9728600.00
2018-02-05 00:00,10.32,10.38,10.05,8.15,17641200.00
2018-02-06 00:00,10.17,10.49,10.10,8.22,18259800.00
2018-02-07 00:00,10.33,10.49,10.21,8.13,11110800.00
2018-02-08 00:00,10.23,10.34,10.11,8.05,13128800.00
2018-02-09 00:00,10.15,10.25,10.03,8.13,10011500.00
2018-02-12 00:00,10.23,10.32,10.16,8.20,7543500.00
2018-02-13 00:00,10.35,10.49,10.29,8.32,7512700.00
2018-02-14 00:00,10.42,10.46,10.34,8.27,6802200.00
2018-02-15 00:00,10.49,10.65,10.45,8.47,9594800.00
2018-02-16 00:00,10.62,10.74,10.56,8.51,7605100.00
2018-02-20 00:00,10.61,10.68,10.33,8.26,10323800.00
2018-02-21 00:00,10.40,10.46,10.16,8.09,11385000.00
2018-02-22 00:00,10.19,10.30,10.14,8.11,6844500.00
2018-02-23 00:00,10.24,10.41,10.22,8.27,6022100.00
2018-02-26 00:00,10.43,10.50,10.35,8.29,5138200.00
2018-02-27 00:00,10.45,10.45,10.15,8.08,8267400.00
2018-02-28 00:00,10.16,10.23,10.03,7.99,12221300.00
2018-03-01 00:00,10.06,10.14,10.00,8.03,8032600.00
2018-03-02 00:00,10.07,10.13,10.02,8.06,6836200.00
2018-03-05 00:00,10.10,10.28,10.10,8.09,5757900.00
2018-03-06 00:00,10.26,10.30,10.15,8.17,7088600.00
2018-03-07 00:00,10.25,10.37,10.25,8.18,7516700.00
2018-03-08 00:00,10.27,10.36,10.26,8.22,6644500.00
2018-03-09 00:00,10.34,10.37,10.24,8.24,4627400.00
2018-03-12 00:00,10.35,10.55,10.34,8.35,8100200.00
2018-03-13 00:00,10.52,10.60,10.51,8.42,5193200.00
2018-03-14 00:00,10.60,10.69,10.53,8.39,9284100.00
2018-03-15 00:00,10.54,10.55,10.39,8.35,5521600.00
2018-03-16 00:00,10.52,10.65,10.49,8.46,8058300.00
2018-03-19 00:00,10.62,10.62,10.38,8.35,7218800.00
2018-03-20 00:00,10.50,10.57,10.47,8.36,7501500.00
2018-03-21 00:00,10.50,10.55,10.45,8.39,5979200.00
2018-03-22 00:00,10.50,10.72,10.48,8.40,11149800.00
2018-03-23 00:00,10.57,10.69,10.48,8.35,9268700.00
2018-03-26 00:00,10.56,10.63,10.49,8.42,7515700.00
2018-03-27 00:00,10.55,10.66,10.48,8.44,10685200.00
2018-03-28 00:00,10.31,10.37,10.22,8.45,9190600.00
2018-03-29 00:00,10.35,10.45,10.35,8.55,8216100.00
2018-04-02 00:00,10.40,10.42,10.28,8.48,6760900.00
2018-04-03 00:00,10.35,10.44,10.30,8.51,7690800.00
2018-04-04 00:00,10.39,10.49,10.32,8.57,8323600.00
2018-04-05 00:00,10.42,10.47,10.39,8.54,6277500.00
2018-04-06 00:00,10.42,10.52,10.42,8.59,5788700.00
2018-04-09 00:00,10.50,10.57,10.45,8.57,5524900.00
2018-04-10 00:00,10.50,10.51,10.40,8.54,6702800.00
2018-04-11 00:00,10.44,10.48,10.36,8.55,5062900.00
2018-04-12 00:00,10.45,10.47,10.31,8.46,5214100.00
2018-04-13 00:00,10.35,10.38,10.25,8.43,5742100.00
2018-04-16 00:00,10.31,10.36,10.25,8.44,6521000.00
2018-04-17 00:00,10.32,10.32,10.25,8.42,8953000.00
2018-04-18 00:00,10.29,10.35,10.27,8.43,6881200.00
2018-04-19 00:00,10.28,10.32,10.22,8.40,5867400.00
2018-04-20 00:00,10.28,10.33,10.22,8.40,5888700.00
2018-04-23 00:00,10.28,10.32,10.24,8.44,4559200.00
2018-04-24 00:00,10.32,10.35,10.22,8.44,6289200.00
2018-04-25 00:00,10.25,10.34,10.24,8.46,4446100.00
2018-04-26 00:00,10.36,10.44,10.31,8.53,6705600.00
2018-04-27 00:00,10.43,10.50,10.40,8.57,4866600.00
2018-04-30 00:00,10.49,10.52,10.37,8.50,7919900.00
2018-05-01 00:00,10.41,10.41,10.30,8.48,6950700.00
2018-05-02 00:00,10.34,10.37,10.28,8.43,8234100.00
2018-05-03 00:00,10.23,10.28,9.95,8.37,26088300.00
2018-05-04 00:00,10.22,10.37,10.18,8.48,9776300.00
2018-05-07 00:00,10.36,10.49,10.34,8.57,8066900.00
2018-05-08 00:00,10.45,10.45,10.16,8.36,10082500.00
2018-05-09 00:00,10.22,10.25,10.11,8.34,11024000.00
2018-05-10 00:00,10.19,10.39,10.17,8.51,6676900.00
2018-05-11 00:00,10.33,10.45,10.33,8.53,9532800.00
2018-05-14 00:00,10.42,10.44,10.38,8.56,4942000.00
2018-05-15 00:00,10.43,10.43,10.33,8.47,6744900.00
2018-05-16 00:00,10.34,10.36,10.26,8.41,8849400.00
2018-05-17 00:00,10.27,10.32,10.26,8.43,7432800.00
2018-05-18 00:00,10.31,10.40,10.26,8.52,6798800.00
2018-05-21 00:00,10.43,10.49,10.31,8.59,8449200.00
2018-05-22 00:00,10.48,10.52,10.42,8.57,7419700.00
2018-05-23 00:00,10.46,10.54,10.42,8.61,7306600.00
2018-05-24 00:00,10.45,10.48,10.39,8.53,7566500.00
2018-05-25 00:00,10.41,10.48,10.38,8.57,6633200.00
2018-05-29 00:00,10.43,10.58,10.41,8.65,9144700.00
2018-05-30 00:00,10.58,10.70,10.52,8.70,10676300.00
2018-05-31 00:00,10.62,10.63,10.40,8.55,15450300.00
2018-06-01 00:00,10.47,10.53,10.40,8.56,8005100.00
2018-06-04 00:00,10.50,10.53,10.43,8.60,5650700.00
2018-06-05 00:00,10.50,10.50,10.41,8.55,11293500.00
2018-06-06 00:00,10.45,10.45,10.32,8.54,9043800.00
2018-06-07 00:00,10.43,10.48,10.41,8.57,7591500.00
2018-06-08 00:00,10.48,10.55,10.47,8.64,6353600.00
2018-06-11 00:00,10.55,10.59,10.48,8.66,6544700.00
2018-06-12 00:00,10.57,10.60,10.50,8.62,7239500.00
2018-06-13 00:00,10.53,10.54,10.39,8.54,8609400.00
2018-06-14 00:00,10.43,10.54,10.43,8.62,5954800.00
2018-06-15 00:00,10.52,10.55,10.44,8.59,14120200.00
2018-06-18 00:00,10.47,10.56,10.45,8.63,5629000.00
2018-06-19 00:00,10.51,10.64,10.51,8.68,8771600.00
2018-06-20 00:00,10.58,10.60,10.52,8.66,6304100.00
2018-06-21 00:00,10.57,10.60,10.52,8.68,6103400.00
2018-06-22 00:00,10.60,10.67,10.55,8.70,8977300.00
2018-06-25 00:00,10.63,10.73,10.63,8.75,7257600.00
2018-06-26 00:00,10.69,10.74,10.60,8.73,10019900.00
2018-06-27 00:00,10.68,10.68,10.51,8.63,8183800.00
2018-06-28 00:00,10.29,10.41,10.25,8.77,6869400.00
2018-06-29 00:00,10.38,10.40,10.27,8.68,9249200.00
2018-07-02 00:00,10.30,10.39,10.28,8.77,5953800.00
2018-07-03 00:00,10.39,10.50,10.37,8.82,4562900.00
2018-07-05 00:00,10.46,10.50,10.41,8.86,5213500.00
2018-07-06 00:00,10.49,10.55,10.47,8.88,5201400.00
2018-07-09 00:00,10.54,10.55,10.45,8.83,7201400.00
2018-07-10 00:00,10.52,10.53,10.45,8.84,7130400.00
2018-07-11 00:00,10.48,10.54,10.45,8.88,7276600.00
2018-07-12 00:00,10.54,10.54,10.45,8.83,5579300.00
2018-07-13 00:00,10.46,10.49,10.40,8.80,5766000.00
2018-07-16 00:00,10.42,10.45,10.35,8.76,5762300.00
2018-07-17 00:00,10.38,10.43,10.33,8.78,9102100.00
2018-07-18 00:00,10.41,10.42,10.35,8.78,5520500.00
2018-07-19 00:00,10.42,10.49,10.37,8.81,5173000.00
2018-07-20 00:00,10.44,10.50,10.38,8.86,4860700.00
2018-07-23 00:00,10.49,10.52,10.42,8.82,5481600.00
2018-07-24 00:00,10.47,10.49,10.39,8.84,5843600.00
2018-07-25 00:00,10.49,10.54,10.44,8.85,5379300.00
2018-07-26 00:00,10.51,10.58,10.48,8.88,7549900.00
2018-07-27 00:00,10.53,10.59,10.47,8.93,8882100.00
2018-07-30 00:00,10.58,10.73,10.56,9.04,11543900.00
2018-07-31 00:00,10.71,10.78,10.61,9.04,13086400.00
2018-08-01 00:00,10.65,10.68,10.47,8.86,13356800.00
2018-08-02 00:00,10.57,10.66,10.53,8.93,9304400.00
2018-08-03 00:00,10.61,10.65,10.53,8.90,6890100.00
2018-08-06 00:00,10.55,10.59,10.50,8.87,12410300.00
2018-08-07 00:00,10.54,10.55,10.43,8.83,15725900.00
2018-08-08 00:00,10.48,10.55,10.44,8.88,9839000.00
2018-08-09 00:00,10.51,10.55,10.44,8.83,16954200.00
2018-08-10 00:00,10.47,10.52,10.42,8.79,9880100.00
2018-08-13 00:00,10.42,10.54,10.37,8.85,8991700.00
2018-08-14 00:00,10.50,10.54,10.46,8.83,8367500.00
2018-08-15 00:00,10.47,10.57,10.42,8.89,10144600.00
2018-08-16 00:00,10.53,10.62,10.52,8.93,8365600.00
2018-08-17 00:00,10.60,10.69,10.57,9.01,9642700.00
2018-08-20 00:00,10.69,10.75,10.67,9.04,10534200.00
2018-08-21 00:00,10.73,10.73,10.67,9.01,8147500.00
2018-08-22 00:00,10.68,10.69,10.62,9.00,4712900.00
2018-08-23 00:00,10.66,10.69,10.62,8.99,4750500.00
2018-08-24 00:00,10.66,10.67,10.60,8.95,5922800.00
2018-08-27 00:00,10.62,10.65,10.59,8.94,7207200.00
2018-08-28 00:00,10.61,10.65,10.59,8.99,6222100.00
2018-08-29 00:00,10.66,10.70,10.63,8.99,8331800.00
2018-08-30 00:00,10.68,10.70,10.64,8.99,6404500.00
2018-08-31 00:00,10.67,10.67,10.61,8.96,7658600.00
2018-09-04 00:00,10.66,10.76,10.64,8.99,9973100.00
2018-09-05 00:00,10.48,10.56,10.44,9.08,13516400.00
2018-09-06 00:00,10.53,10.62,10.52,9.10,8429100.00
2018-09-07 00:00,10.56,10.58,10.45,9.04,15049600.00
2018-09-10 00:00,10.60,10.61,10.46,9.06,11064900.00
2018-09-11 00:00,10.50,10.57,10.48,9.03,9821100.00
2018-09-12 00:00,10.18,10.24,10.15,8.80,101049400.00
2018-09-13 00:00,10.21,10.27,10.18,8.77,47937400.00
2018-09-14 00:00,10.19,10.27,10.17,8.82,27622000.00
2018-09-17 00:00,10.25,10.29,10.20,8.83,18067500.00
2018-09-18 00:00,10.24,10.30,10.20,8.86,19161400.00
2018-09-19 00:00,10.30,10.38,10.28,8.86,11137800.00
2018-09-20 00:00,10.30,10.36,10.26,8.88,12472100.00
2018-09-21 00:00,10.30,10.38,10.29,8.87,24232100.00
2018-09-24 00:00,10.32,10.33,10.20,8.80,13334300.00
2018-09-25 00:00,10.24,10.27,10.21,8.82,8639600.00
2018-09-26 00:00,10.25,10.27,10.19,8.78,10889000.00
2018-09-27 00:00,10.15,10.19,10.12,8.80,8053300.00
2018-09-28 00:00,10.13,10.26,10.12,8.88,13159300.00
2018-10-01 00:00,10.21,10.29,10.20,8.90,7251100.00
2018-10-02 00:00,10.23,10.30,10.23,8.93,7074500.00
2018-10-03 00:00,10.29,10.35,10.15,8.85,11691600.00
2018-10-04 00:00,10.17,10.21,10.09,8.81,14947000.00
2018-10-05 00:00,10.15,10.17,10.09,8.78,17979600.00
2018-10-08 00:00,10.10,10.21,10.09,8.84,7580200.00
2018-10-09 00:00,10.19,10.22,10.13,8.85,7076400.00
2018-10-10 00:00,10.17,10.24,10.10,8.78,13317500.00
2018-10-11 00:00,10.09,10.10,9.88,8.59,19925800.00
2018-10-12 00:00,9.99,10.00,9.81,8.56,13733200.00
2018-10-15 00:00,9.89,9.99,9.87,8.63,9913800.00
2018-10-16 00:00,9.94,10.04,9.90,8.68,7711500.00
2018-10-17 00:00,10.01,10.07,9.95,8.67,6317800.00
2018-10-18 00:00,9.99,10.01,9.90,8.64,6836500.00
2018-10-19 00:00,9.93,9.97,9.90,8.65,7101700.00
2018-10-22 00:00,9.96,10.02,9.86,8.58,9573000.00
2018-10-23 00:00,9.86,9.88,9.77,8.54,7848600.00
2018-10-24 00:00,9.82,10.00,9.79,8.64,13610000.00
2018-10-25 00:00,9.97,10.03,9.90,8.68,9289800.00
2018-10-26 00:00,9.94,9.99,9.78,8.55,10879100.00
2018-10-29 00:00,9.87,9.99,9.82,8.58,9585000.00
2018-10-30 00:00,9.86,9.97,9.80,8.60,7521700.00
2018-10-31 00:00,9.94,9.94,9.84,8.57,10412200.00
2018-11-01 00:00,9.90,9.90,9.77,8.55,10771900.00
2018-11-02 00:00,9.86,9.86,9.70,8.45,10904000.00
2018-11-05 00:00,9.76,9.87,9.76,8.53,8242300.00
2018-11-06 00:00,9.81,9.95,9.78,8.64,7143600.00
2018-11-07 00:00,9.95,10.00,9.86,8.62,9743200.00
2018-11-08 00:00,9.95,10.00,9.91,8.68,9701500.00
2018-11-09 00:00,9.98,10.06,9.97,8.73,8896100.00
2018-11-12 00:00,10.03,10.12,9.97,8.68,7333400.00
2018-11-13 00:00,10.02,10.06,9.95,8.70,14132400.00
2018-11-14 00:00,10.02,10.07,9.95,8.69,6925400.00
2018-11-15 00:00,9.90,9.92,9.82,8.55,14609000.00
2018-11-16 00:00,9.83,9.99,9.82,8.67,12334800.00
2018-11-19 00:00,9.99,10.05,9.95,8.67,10257800.00
2018-11-20 00:00,9.97,10.00,9.91,8.64,11273100.00
2018-11-21 00:00,9.94,10.00,9.91,8.64,7981900.00
2018-11-23 00:00,9.95,9.97,9.93,8.63,4210000.00
2018-11-26 00:00,9.95,9.99,9.90,8.64,9313000.00
2018-11-27 00:00,9.94,10.00,9.85,8.60,10343200.00
2018-11-28 00:00,9.92,10.02,9.89,8.67,11474600.00
2018-11-29 00:00,9.95,10.09,9.94,8.73,12542300.00
2018-11-30 00:00,10.07,10.12,9.97,8.72,25261400.00
2018-12-03 00:00,10.08,10.14,10.04,8.80,10653100.00
2018-12-04 00:00,10.12,10.16,10.02,8.71,13517300.00
2018-12-06 00:00,10.04,10.12,9.98,8.77,14589100.00
2018-12-07 00:00,10.11,10.16,10.08,8.82,10318400.00
2018-12-10 00:00,10.16,10.18,10.08,8.80,10429300.00
2018-12-11 00:00,10.16,10.24,10.09,8.77,9571800.00
2018-12-12 00:00,10.14,10.14,10.00,8.69,11233800.00
2018-12-13 00:00,10.02,10.10,10.00,8.76,18583300.00
2018-12-14 00:00,10.13,10.23,10.11,8.87,19154800.00
2018-12-17 00:00,10.22,10.27,9.95,8.65,16235500.00
2018-12-18 00:00,10.01,10.14,10.00,8.74,13589100.00
2018-12-19 00:00,10.10,10.19,10.06,8.77,15647500.00
2018-12-20 00:00,10.13,10.13,9.78,8.60,20520400.00
2018-12-21 00:00,9.90,10.02,9.85,8.59,18730600.00
2018-12-24 00:00,9.88,9.92,9.57,8.43,11898200.00
2018-12-26 00:00,9.75,10.04,9.75,8.72,15278900.00
2018-12-27 00:00,9.99,10.17,9.77,8.83,16784000.00
2018-12-28 00:00,9.91,9.91,9.82,8.83,14761100.00
2018-12-31 00:00,9.85,9.89,9.71,8.79,14188200.00
2019-01-02 00:00,9.79,9.92,9.72,8.85,12168800.00
2019-01-03 00:00,9.90,10.06,9.90,8.96,13889900.00
2019-01-04 00:00,10.05,10.10,9.99,8.96,10613800.00
2019-01-07 00:00,10.03,10.18,9.99,8.98,11890600.00
2019-01-08 00:00,9.78,9.85,9.75,8.77,113996000.00
2019-01-09 00:00,9.86,9.88,9.81,8.80,25894500.00
2019-01-10 00:00,9.85,9.86,9.76,8.74,37633900.00
2019-01-11 00:00,9.80,9.96,9.78,8.89,24217300.00
2019-01-14 00:00,9.98,10.07,9.96,8.98,24212600.00
2019-01-15 00:00,10.06,10.10,10.04,9.03,19824500.00
2019-01-16 00:00,10.14,10.19,10.10,9.11,12162200.00
2019-01-17 00:00,10.18,10.20,10.13,9.12,9322300.00
2019-01-18 00:00,10.19,10.25,10.19,9.15,15841300.00
2019-01-22 00:00,10.23,10.25,10.16,9.17,10289400.00
2019-01-23 00:00,10.25,10.31,10.24,9.22,17642900.00
2019-01-24 00:00,10.30,10.33,10.26,9.23,11348200.00
2019-01-25 00:00,10.34,10.36,10.26,9.22,12434300.00
2019-01-28 00:00,10.32,10.35,10.28,9.24,13532600.00
2019-01-29 00:00,10.33,10.40,10.32,9.30,13795200.00
2019-01-30 00:00,10.40,10.45,10.37,9.33,13508900.00
2019-01-31 00:00,10.43,10.44,10.33,9.34,17241300.00
2019-02-01 00:00,10.44,10.48,10.35,9.30,15498500.00
2019-02-04 00:00,10.40,10.41,10.29,9.30,14801300.00
2019-02-05 00:00,10.40,10.44,10.35,9.34,11472200.00
2019-02-06 00:00,10.42,10.42,10.35,9.30,12004100.00
2019-02-07 00:00,10.39,10.43,10.33,9.33,10971100.00
2019-02-08 00:00,10.40,10.42,10.34,9.32,9158200.00
2019-02-11 00:00,10.41,10.47,10.38,9.37,11735700.00
2019-02-12 00:00,10.45,10.51,10.44,9.35,17398900.00
2019-02-13 00:00,10.45,10.45,10.34,9.29,11719800.00
2019-02-14 00:00,10.30,10.37,10.25,9.18,16280700.00
2019-02-15 00:00,10.27,10.31,10.19,9.12,16099900.00
2019-02-19 00:00,10.20,10.22,10.15,9.11,10713700.00
2019-02-20 00:00,10.19,10.19,10.07,9.05,12346800.00
2019-02-21 00:00,10.09,10.10,10.03,8.99,19179600.00
2019-02-22 00:00,10.08,10.18,10.05,9.07,13764400.00
2019-02-25 00:00,10.15,10.17,10.07,9.03,10682200.00
2019-02-26 00:00,10.11,10.13,10.07,9.03,11083900.00
2019-02-27 00:00,10.10,10.10,10.02,9.01,11294100.00
2019-02-28 00:00,10.08,10.14,10.05,9.06,16507200.00
2019-03-01 00:00,10.11,10.12,10.03,9.00,11748300.00
2019-03-04 00:00,10.06,10.12,10.02,9.04,11246600.00
2019-03-05 00:00,10.11,10.15,10.06,9.04,13655900.00
2019-03-06 00:00,10.10,10.13,10.06,9.04,15283400.00
2019-03-07 00:00,10.10,10.12,10.07,9.04,11895000.00
2019-03-08 00:00,10.09,10.18,10.09,9.09,11765400.00
2019-03-11 00:00,10.18,10.32,10.18,9.22,12526300.00
2019-03-12 00:00,10.30,10.32,10.25,9.18,12182700.00
2019-03-13 00:00,10.29,10.37,10.27,9.25,10768300.00
2019-03-14 00:00,10.32,10.35,10.26,9.22,11866400.00
2019-03-15 00:00,10.32,10.35,10.29,9.23,15188100.00
2019-03-18 00:00,10.33,10.37,10.32,9.27,10297900.00
2019-03-19 00:00,10.37,10.38,10.28,9.22,17616800.00
2019-03-20 00:00,10.31,10.32,10.25,9.19,14022400.00
2019-03-21 00:00,10.30,10.41,10.27,9.24,16028600.00
2019-03-22 00:00,10.36,10.36,10.24,9.17,14554100.00
2019-03-25 00:00,10.28,10.30,10.23,9.17,13372300.00
2019-03-26 00:00,10.27,10.30,10.24,9.18,15710500.00
2019-03-27 00:00,10.30,10.31,10.23,9.16,24742300.00
2019-03-28 00:00,10.01,10.07,9.98,9.27,31130700.00
2019-03-29 00:00,10.05,10.07,9.98,9.21,17362500.00
2019-04-01 00:00,10.01,10.05,9.96,9.26,16272700.00
2019-04-02 00:00,10.03,10.04,9.99,9.22,10841100.00
2019-04-03 00:00,10.01,10.01,9.96,9.22,16584100.00
2019-04-04 00:00,9.98,10.05,9.97,9.24,8056500.00
2019-04-05 00:00,10.05,10.06,10.00,9.23,16010200.00
2019-04-08 00:00,10.02,10.09,10.02,9.30,9953500.00
2019-04-09 00:00,10.07,10.12,10.03,9.24,12224200.00
2019-04-10 00:00,10.04,10.07,10.02,9.24,7426000.00
2019-04-11 00:00,10.04,10.07,10.03,9.26,7034400.00
2019-04-12 00:00,10.08,10.08,10.02,9.24,8691700.00
2019-04-15 00:00,10.03,10.05,10.00,9.24,7875500.00
2019-04-16 00:00,10.00,10.05,10.00,9.23,10853000.00
2019-04-17 00:00,10.02,10.03,9.98,9.20,15035000.00
2019-04-18 00:00,10.00,10.03,9.98,9.21,13083700.00
2019-04-22 00:00,10.00,10.08,9.98,9.28,5796600.00
2019-04-23 00:00,10.08,10.10,10.05,9.29,8162100.00
2019-04-24 00:00,10.09,10.18,10.09,9.35,8534200.00
2019-04-25 00:00,10.12,10.12,9.99,9.25,14591600.00
2019-04-26 00:00,10.05,10.16,10.05,9.32,8637900.00
2019-04-29 00:00,10.10,10.11,10.05,9.26,6886100.00
2019-04-30 00:00,10.06,10.09,10.02,9.30,16201000.00
2019-05-01 00:00,10.10,10.15,10.01,9.23,13784700.00
2019-05-02 00:00,9.94,9.95,9.75,9.00,41276100.00
2019-05-03 00:00,9.80,9.80,9.70,8.94,28224500.00
2019-05-06 00:00,9.70,9.70,9.60,8.85,25636800.00
2019-05-07 00:00,9.63,9.70,9.60,8.89,22194800.00
2019-05-08 00:00,9.65,9.67,9.60,8.87,18203700.00
2019-05-09 00:00,9.61,9.62,9.52,8.82,15214600.00
2019-05-10 00:00,9.58,9.64,9.54,8.87,14662600.00
2019-05-13 00:00,9.58,9.64,9.50,8.79,16372200.00
2019-05-14 00:00,9.57,9.60,9.53,8.78,13255700.00
2019-05-15 00:00,9.52,9.58,9.50,8.78,14234200.00
2019-05-16 00:00,9.55,9.57,9.51,8.79,10574000.00
2019-05-17 00:00,9.52,9.53,9.35,8.63,21241000.00
2019-05-20 00:00,9.39,9.39,9.25,8.53,21453100.00
2019-05-21 00:00,9.30,9.40,9.26,8.57,23929800.00
2019-05-22 00:00,9.32,9.34,9.27,8.57,16286600.00
2019-05-23 00:00,9.26,9.28,9.19,8.50,18420900.00
2019-05-24 00:00,9.23,9.25,9.19,8.49,12219200.00
2019-05-28 00:00,9.21,9.24,9.02,8.31,27681200.00
2019-05-29 00:00,9.01,9.02,8.89,8.25,18772100.00
2019-05-30 00:00,8.96,8.99,8.91,8.23,13430400.00
2019-05-31 00:00,8.89,8.90,8.74,8.12,18907600.00
2019-06-03 00:00,8.99,9.10,8.95,8.34,19778900.00
2019-06-04 00:00,9.07,9.20,9.06,8.46,14942700.00
2019-06-05 00:00,9.21,9.23,8.98,8.29,15365000.00
2019-06-06 00:00,9.02,9.09,8.95,8.34,18544200.00
2019-06-07 00:00,9.03,9.07,8.96,8.30,14103300.00
2019-06-10 00:00,9.04,9.07,8.95,8.26,11376700.00
2019-06-11 00:00,9.04,9.05,8.98,8.30,9626000.00
2019-06-12 00:00,9.00,9.10,8.99,8.33,10746700.00
2019-06-13 00:00,9.05,9.15,9.05,8.38,12684600.00
2019-06-14 00:00,9.08,9.20,9.07,8.41,10518700.00
2019-06-17 00:00,9.21,9.23,9.11,8.41,13308100.00
2019-06-18 00:00,9.15,9.21,9.07,8.36,12415100.00
2019-06-19 00:00,9.09,9.24,9.07,8.49,11603800.00
2019-06-20 00:00,9.24,9.26,9.10,8.42,14995200.00
2019-06-21 00:00,9.16,9.17,9.11,8.43,24323400.00
2019-06-24 00:00,9.20,9.28,9.15,8.51,13118000.00
2019-06-25 00:00,9.25,9.34,9.16,8.54,23107100.00
2019-06-26 00:00,9.30,9.35,9.23,8.56,17137200.00
2019-06-27 00:00,9.08,9.11,9.04,8.62,10480900.00
2019-06-28 00:00,9.10,9.18,9.08,8.65,21200200.00
2019-07-01 00:00,9.14,9.17,9.09,8.62,13210400.00
2019-07-02 00:00,9.12,9.14,9.05,8.57,13435400.00
2019-07-03 00:00,9.07,9.18,9.06,8.64,6609400.00
2019-07-05 00:00,9.13,9.18,9.07,8.70,7718800.00
2019-07-08 00:00,9.18,9.24,9.16,8.69,13688300.00
2019-07-09 00:00,9.19,9.23,9.15,8.73,8813500.00
2019-07-10 00:00,9.23,9.29,9.21,8.77,8661100.00
2019-07-11 00:00,9.26,9.32,9.17,8.75,12974000.00
2019-07-12 00:00,9.25,9.26,9.21,8.75,9049700.00
2019-07-15 00:00,9.24,9.28,9.23,8.79,8405800.00
2019-07-16 00:00,9.28,9.30,9.25,8.81,10978700.00
2019-07-17 00:00,9.30,9.32,9.22,8.82,8937600.00
2019-07-18 00:00,9.29,9.44,9.26,8.90,12381200.00
2019-07-19 00:00,9.39,9.41,9.32,8.85,9218400.00
2019-07-22 00:00,9.44,9.49,9.40,8.96,14293200.00
2019-07-23 00:00,9.48,9.56,9.47,9.05,11871800.00
2019-07-24 00:00,9.56,9.59,9.50,9.04,15880700.00
2019-07-25 00:00,9.56,9.56,9.41,8.99,12167800.00
2019-07-26 00:00,9.51,9.62,9.47,9.09,10191200.00
2019-07-29 00:00,9.60,9.65,9.58,9.10,9698900.00
2019-07-30 00:00,9.62,9.67,9.58,9.16,8712600.00
2019-07-31 00:00,9.72,9.73,9.51,9.05,17060300.00
2019-08-01 00:00,9.47,9.56,9.36,8.89,18579600.00
2019-08-02 00:00,9.41,9.44,9.29,8.92,15680000.00
2019-08-05 00:00,9.39,9.39,9.13,8.73,15680800.00
2019-08-06 00:00,9.24,9.37,9.19,8.86,15665800.00
2019-08-07 00:00,9.31,9.38,9.15,8.83,18699100.00
2019-08-08 00:00,9.33,9.57,9.30,9.03,16825300.00
2019-08-09 00:00,9.50,9.52,9.36,8.94,10069200.00
2019-08-12 00:00,9.42,9.43,9.31,8.83,9078200.00
2019-08-13 00:00,9.31,9.37,9.21,8.72,15655600.00
2019-08-14 00:00,9.12,9.16,8.88,8.42,24026600.00
2019-08-15 00:00,8.94,8.96,8.81,8.40,14585200.00
2019-08-16 00:00,8.90,9.01,8.88,8.48,9222800.00
2019-08-19 00:00,9.00,9.05,8.96,8.54,8448100.00
2019-08-20 00:00,9.03,9.06,8.96,8.52,9512900.00
2019-08-21 00:00,9.00,9.02,8.90,8.45,10110300.00
2019-08-22 00:00,8.91,8.98,8.88,8.48,5954800.00
2019-08-23 00:00,8.93,8.99,8.78,8.34,10860300.00
2019-08-26 00:00,8.82,8.84,8.73,8.30,9962100.00
2019-08-27 00:00,8.79,8.80,8.41,7.98,30828400.00
2019-08-28 00:00,8.39,8.43,8.23,7.84,28531500.00
2019-08-29 00:00,8.30,8.34,8.17,7.87,22977400.00
2019-08-30 00:00,8.32,8.38,8.28,7.86,23865600.00
2019-09-03 00:00,8.20,8.23,8.07,7.76,27260100.00
2019-09-04 00:00,8.20,8.33,8.19,7.80,19502200.00
2019-09-05 00:00,8.25,8.40,8.25,7.93,15977400.00
2019-09-06 00:00,8.38,8.39,8.25,7.87,15700600.00
2019-09-09 00:00,8.31,8.42,8.31,7.94,13883900.00
2019-09-10 00:00,8.41,8.64,8.41,8.12,23391100.00
2019-09-11 00:00,8.59,8.68,8.57,8.19,15385700.00
2019-09-12 00:00,8.67,8.67,8.57,8.15,8737400.00
2019-09-13 00:00,8.65,8.74,8.64,8.20,13812300.00
2019-09-16 00:00,8.66,8.72,8.60,8.22,13190800.00
2019-09-17 00:00,8.65,8.79,8.57,8.29,21866700.00
2019-09-18 00:00,8.76,8.77,8.68,8.28,13981700.00
2019-09-19 00:00,8.75,8.88,8.74,8.36,10330300.00
2019-09-20 00:00,8.84,8.96,8.81,8.48,18876400.00
2019-09-23 00:00,8.94,9.03,8.93,8.52,13638500.00
2019-09-24 00:00,9.02,9.05,8.84,8.43,14598200.00
2019-09-25 00:00,8.92,8.97,8.87,8.46,8905300.00
2019-09-26 00:00,8.95,9.02,8.90,8.49,14680200.00
2019-09-27 00:00,8.73,8.76,8.68,8.52,15386600.00
2019-09-30 00:00,8.73,8.84,8.68,8.57,20071200.00
2019-10-01 00:00,8.78,8.81,8.58,8.37,13103700.00
2019-10-02 00:00,8.58,8.64,8.44,8.32,23357400.00
2019-10-03 00:00,8.58,8.69,8.55,8.44,10809800.00
2019-10-04 00:00,8.66,8.70,8.61,8.44,8987800.00
2019-10-07 00:00,8.66,8.75,8.64,8.43,9374800.00
2019-10-08 00:00,8.67,8.68,8.56,8.35,9518700.00
2019-10-09 00:00,8.61,8.68,8.58,8.43,10872300.00
2019-10-10 00:00,8.64,8.73,8.62,8.47,7096200.00
2019-10-11 00:00,8.70,8.76,8.67,8.49,9132100.00
2019-10-14 00:00,8.69,8.70,8.61,8.45,5061600.00
2019-10-15 00:00,8.71,8.79,8.63,8.43,9619400.00
2019-10-16 00:00,8.65,8.69,8.62,8.43,8134300.00
2019-10-17 00:00,8.67,8.73,8.65,8.44,12463500.00
2019-10-18 00:00,8.66,8.83,8.66,8.55,23074700.00
2019-10-21 00:00,8.80,8.95,8.78,8.72,12366900.00
2019-10-22 00:00,8.90,8.96,8.82,8.66,15594500.00
2019-10-23 00:00,8.90,8.96,8.87,8.73,6193200.00
2019-10-24 00:00,8.96,8.96,8.81,8.62,16095900.00
2019-10-25 00:00,8.86,8.89,8.77,8.56,17624900.00
2019-10-28 00:00,8.81,8.91,8.80,8.66,17567400.00
2019-10-29 00:00,8.85,8.97,8.85,8.71,9760100.00
2019-10-30 00:00,8.92,8.95,8.86,8.69,6357200.00
2019-10-31 00:00,8.93,9.03,8.76,8.75,23364500.00
2019-11-01 00:00,8.98,9.15,8.97,8.87,14241700.00
2019-11-04 00:00,9.11,9.16,9.04,8.83,10496400.00
2019-11-05 00:00,9.07,9.08,8.95,8.74,17754300.00
2019-11-06 00:00,8.94,9.04,8.90,8.81,11517900.00
2019-11-07 00:00,9.05,9.10,9.03,8.85,11058000.00
2019-11-08 00:00,9.08,9.13,9.07,8.89,8234400.00
2019-11-11 00:00,9.08,9.14,9.08,8.88,9074000.00
2019-11-12 00:00,9.10,9.15,9.05,8.89,7890800.00
2019-11-13 00:00,9.11,9.13,9.06,8.84,9437400.00
2019-11-14 00:00,9.07,9.12,9.05,8.88,7325000.00
2019-11-15 00:00,9.10,9.16,9.08,8.88,9381200.00
2019-11-18 00:00,9.11,9.24,9.08,8.97,12589600.00
2019-11-19 00:00,9.20,9.23,9.15,8.94,10645100.00
2019-11-20 00:00,9.20,9.22,9.15,8.97,11794400.00
2019-11-21 00:00,9.16,9.17,9.07,8.90,10340300.00
2019-11-22 00:00,9.14,9.24,9.10,8.96,11050700.00
2019-11-25 00:00,9.18,9.27,9.12,9.01,13192100.00
2019-11-26 00:00,9.24,9.25,9.16,9.01,13757000.00
2019-11-27 00:00,9.29,9.30,9.22,9.04,8625800.00
2019-11-29 00:00,9.29,9.35,9.25,9.09,4765800.00
2019-12-02 00:00,9.35,9.40,9.30,9.09,9519600.00
2019-12-03 00:00,9.28,9.36,9.26,9.09,11175300.00
2019-12-04 00:00,9.33,9.40,9.32,9.12,9600900.00
2019-12-05 00:00,9.37,9.37,9.29,9.11,7674800.00
2019-12-06 00:00,9.37,9.44,9.33,9.16,6945800.00
2019-12-09 00:00,9.43,9.45,9.40,9.19,7154700.00
2019-12-10 00:00,9.43,9.44,9.35,9.14,8739000.00
2019-12-11 00:00,9.36,9.40,9.34,9.14,7312400.00
2019-12-12 00:00,9.36,9.42,9.35,9.11,9134300.00
2019-12-13 00:00,9.37,9.49,9.36,9.25,8575800.00
2019-12-16 00:00,9.50,9.52,9.43,9.20,13399800.00
2019-12-17 00:00,9.46,9.60,9.44,9.31,15352700.00
2019-12-18 00:00,9.55,9.57,9.51,9.28,11430500.00
2019-12-19 00:00,9.51,9.64,9.51,9.29,15654400.00
2019-12-20 00:00,9.56,9.59,9.53,9.29,18211500.00
2019-12-23 00:00,9.55,9.57,9.52,9.32,8537700.00
2019-12-24 00:00,9.57,9.67,9.55,9.42,5438800.00
2019-12-26 00:00,9.67,9.77,9.66,9.52,8232300.00
2019-12-27 00:00,9.77,9.80,9.74,9.50,13127800.00
2019-12-30 00:00,9.52,9.54,9.38,9.42,13336400.00
2019-12-31 00:00,9.38,9.46,9.38,9.42,10793500.00
2020-01-02 00:00,9.43,9.48,9.37,9.48,10589500.00
2020-01-03 00:00,9.41,9.49,9.41,9.43,9443200.00
2020-01-06 00:00,9.44,9.48,9.42,9.46,8346600.00
2020-01-07 00:00,9.48,9.54,9.45,9.52,8923500.00
2020-01-08 00:00,9.52,9.56,9.45,9.45,10078000.00
2020-01-09 00:00,9.49,9.56,9.47,9.50,11177400.00
2020-01-10 00:00,9.50,9.56,9.50,9.54,6660400.00
2020-01-13 00:00,9.56,9.60,9.55,9.57,8399800.00
2020-01-14 00:00,9.58,9.60,9.56,9.60,7373700.00
2020-01-15 00:00,9.60,9.67,9.60,9.62,7074400.00
2020-01-16 00:00,9.63,9.65,9.60,9.65,6616800.00
2020-01-17 00:00,9.66,9.70,9.62,9.70,11152800.00
2020-01-21 00:00,9.70,9.78,9.66,9.74,11736900.00
2020-01-22 00:00,9.76,9.78,9.68,9.69,8837400.00
2020-01-23 00:00,9.68,9.73,9.68,9.70,9027400.00
2020-01-24 00:00,9.72,9.74,9.63,9.66,6145400.00
2020-01-27 00:00,9.55,9.62,9.52,9.60,9714100.00
2020-01-28 00:00,9.62,9.72,9.60,9.68,7261700.00
2020-01-29 00:00,9.73,9.78,9.68,9.76,7712900.00
2020-01-30 00:00,9.72,9.80,9.70,9.80,9168200.00
2020-01-31 00:00,9.80,9.85,9.74,9.76,10898100.00
2020-02-03 00:00,9.76,9.91,9.76,9.82,10799400.00
2020-02-04 00:00,9.87,9.87,9.75,9.83,13052500.00
2020-02-05 00:00,9.84,9.95,9.81,9.94,9227200.00
2020-02-06 00:00,9.95,10.03,9.94,9.98,11695300.00
2020-02-07 00:00,10.00,10.01,9.94,9.98,8908600.00
2020-02-10 00:00,9.95,9.98,9.92,9.97,7843400.00
2020-02-11 00:00,9.97,9.99,9.91,9.99,9377900.00
2020-02-12 00:00,9.97,10.09,9.93,10.05,9517200.00
2020-02-13 00:00,10.15,10.44,10.08,10.33,24769600.00
2020-02-14 00:00,10.33,10.44,10.29,10.42,12006000.00
2020-02-18 00:00,10.40,10.48,10.38,10.48,13015100.00
2020-02-19 00:00,10.49,10.50,10.41,10.41,11360500.00
2020-02-20 00:00,10.42,10.50,10.41,10.50,7437900.00
2020-02-21 00:00,10.47,10.50,10.30,10.34,10031700.00
2020-02-24 00:00,10.06,10.17,9.85,10.13,17052200.00
2020-02-25 00:00,10.13,10.20,9.75,9.80,25160900.00
2020-02-26 00:00,9.78,10.04,9.77,9.79,17899800.00
2020-02-27 00:00,9.64,9.72,9.21,9.21,32380500.00
2020-02-28 00:00,8.87,9.01,8.52,8.86,48093600.00
2020-03-02 00:00,9.00,9.47,8.96,9.44,27051600.00
2020-03-03 00:00,9.48,9.72,9.23,9.39,24653100.00
2020-03-04 00:00,9.50,9.69,9.42,9.59,12138000.00
2020-03-05 00:00,9.40,9.44,9.24,9.39,11480100.00
2020-03-06 00:00,9.07,9.17,8.69,9.11,23895800.00
2020-03-09 00:00,8.61,8.67,8.22,8.38,25987200.00
2020-03-10 00:00,8.74,8.75,8.26,8.51,22387600.00
2020-03-11 00:00,8.33,8.35,7.87,7.98,27756900.00
2020-03-12 00:00,6.98,7.15,6.53,6.64,35591500.00
2020-03-13 00:00,7.25,7.28,6.45,6.90,30248000.00
